Relevance,Explanation
RELEVANT,"The generated answer provides the correct syntax for using precision_recall_fscore_support in Python, including the necessary import statement and function call with an example parameter (zero_division=0)."
RELEVANT,"The answer provides a detailed solution to the problem of encountering pickle errors when using waitress, which is directly related to the question asked. It explains the cause of the error and offers a clear workaround by suggesting to put the custom class into a separate module and import it in both scripts."
RELEVANT,"The generated answer provides the correct command to launch a container image in interactive mode using Docker, which is exactly what the question asked for."
PARTLY_RELEVANT,"The answer partially addresses the question by mentioning that the course uses Keras for lessons and homework. However, it also provides additional information that pull requests with equivalent solutions in Pytorch are welcome, which is relevant but not directly answering whether it is possible to make a pull request specifically for homework solutions using Pytorch."
RELEVANT,"The answer correctly identifies the cause of the pip version error as a version conflict in pipenv and provides a specific solution by recommending the use of Scikit-Learn version 1.1.1, which is relevant to the question."
RELEVANT,"The generated answer provides the correct command to check the HPA status after editing the metrics-server, which is relevant to the question."
RELEVANT,"The generated answer provides the correct command to check the AWS CLI version and mentions the requirement of using AWS CLI v2, which is essential for eksctl compatibility. It also suggests referring to the AWS CLI v2 migration instructions for more details, which is helpful and relevant to the question."
RELEVANT,"The generated answer directly addresses the question by identifying the main reason for different accuracy values, which is the way of splitting data."
RELEVANT,"The generated answer provides a clear solution to the problem of losing the REMOTE_URI variable after the session ends, which is relevant to the question asked."
RELEVANT,"The generated answer directly provides the link to the script for generating the Kitchenware Classification Competition dataset, which is exactly what the question is asking for."
RELEVANT,"The generated answer provides a specific solution to the TensorFlow Serving error on an Apple M1 Mac, including the necessary Docker commands and a link to a relevant GitHub repository for further details. This directly addresses the issue mentioned in the question."
RELEVANT,"The generated answer provides specific steps to resolve the NotSupportedError in section 5, which is directly relevant to the question."
RELEVANT,The generated answer correctly identifies Tzvi Friedman as the person who added the solution for fixing the 'Failed to find data adapter' error in the Keras model training. This information directly addresses the question.
RELEVANT,"The generated answer correctly identifies the first step to install kind through choco, which is to launch a powershell terminal with administrator privilege."
RELEVANT,"The generated answer provides a method to fetch data for homework using the requests library, which is directly relevant to the question."
RELEVANT,The answer correctly addresses the question by stating that mean_squared_error cannot be used to compute RMSE in one step and provides the correct alternative method using the squared=False argument.
RELEVANT,"The generated answer provides specific links to the official AWS documentation that cover how Lambda functions are initialized, addressing the user's query directly and accurately."
RELEVANT,"The answer provides a clear and concise explanation of how to read data from a GitHub URL using pandas, including an example code snippet. This directly addresses the question."
RELEVANT,"The answer explains the reason why all missing values end up in the training dataframe when using a random seed of 42. It clarifies that the seed value is used to randomly generate the proportion split, and using a seed of 42 ensures that all learners get the same behavior, which in this case is all missing values ending up in the training dataframe. It also mentions that using a different seed value will result in missing values appearing in other dataframes."
RELEVANT,"The generated answer directly addresses the question by providing the specific location where the materials can be found, which is the cohort folder for the respective year."
RELEVANT,"The generated answer provides a link to a detailed description of the California housing dataset, which is directly relevant to the question."
RELEVANT,"The generated answer correctly identifies Random Forest as a bagging method and XGBoost as a boosting method, which are both relevant concepts in ensemble learning as taught in Week 6 of the course."
RELEVANT,"The generated answer correctly identifies Diego Giraldo as the contributor of information about using metrics on a series or dataframe in section 4, which is relevant to the question asked."
RELEVANT,"The generated answer provides a link to a video that explains the normal form derivation for regression, which directly addresses the user's question."
PARTLY_RELEVANT,"The answer is partly relevant because it correctly states that Google Cloud Platform offers free microinstances, but it does not provide details on the duration or the variety of other free services."
RELEVANT,"The generated answer provides a direct link to a guide for using Docker in Google Colab, which is exactly what the question is asking for."
RELEVANT,"The generated answer provides the correct command to import the required function for RMSE calculation from sklearn, which is 'from sklearn.metrics import mean_squared_error'. This is directly relevant to the question."
NON_RELEVANT,"The question is asking for an alternative command if the region is configured by default, but the generated answer provides a command to filter data based on 'ocean_proximity'. There is no mention of region configuration, making the answer irrelevant to the question."
RELEVANT,"The generated answer correctly identifies the pandas function 'std()' as the function that directly computes the standard deviation from a series, which is the correct answer to the question."
RELEVANT,"The generated answer correctly states that the default value for the number of workers in the fit function is 1, which directly addresses the question."
RELEVANT,"The generated answer directly addresses the issue of loading a Keras model with an optimizer error by suggesting a specific solution, which is to add `compile = False` to the `load_model` function. This solution is relevant and specific to the problem described in the question."
PARTLY_RELEVANT,"The generated answer provides some relevant information about using `classification_report` from `sklearn` for evaluation metrics. However, it does not directly address how to verify the results of one's own code for evaluation metrics, which was the specific question asked."
RELEVANT,"The generated answer directly addresses the question by explaining that regularization techniques are not always necessary but should be considered in specific situations, such as when dealing with small datasets or complex models. It also emphasizes the importance of evaluating each case individually, which is a key aspect of determining the need for regularization in machine learning."
RELEVANT,"The answer correctly explains that np.sign is used to identify where the sign of the difference between precision and recall changes, which indicates the point of intercept between the two curves."
RELEVANT,The generated answer provides a clear and direct solution to the problem of running out of storage after building many Docker images. The suggestion to use the `docker system prune` command is relevant and appropriate for freeing up space used by the images.
RELEVANT,The generated answer correctly states that folders are read in alphabetical order when determining numeric class labels in flow_from_directory in TensorFlow. This is relevant to the question asked.
RELEVANT,"The generated answer correctly identifies the file that needs to be modified to fix Docker's DNS settings, which is /etc/docker/daemon.json."
RELEVANT,"The generated answer directly addresses the question about the number of models required for the midterm project, clarifying that there is no specific requirement and emphasizing the goal of training multiple models and selecting the best one."
RELEVANT,"The answer correctly explains why setting the threshold to 1.0 results in a False Positive Rate (FPR) of 0.0. It accurately describes the behavior of the sigmoid function and how it affects the prediction of positive classes, leading to the absence of both true positives and false positives."
RELEVANT,"The answer correctly identifies the pandas method to calculate the standard deviation of a series, which is 'std()'. This is directly relevant to the question asked."
RELEVANT,"The answer correctly explains why df_train_full is not included for the correlation matrix task, as it contains both the train and validation datasets, and the question explicitly mentions using only the train dataset."
RELEVANT,"The generated answer provides a clear and concise step-by-step guide on how to set up a Conda environment on a local machine, which directly addresses the user's question."
RELEVANT,The generated answer directly addresses the issue of a ValueError related to feature names in XGBoost by suggesting a specific solution to replace unsupported characters with supported ones. This solution is practical and relevant to the problem described in the question.
RELEVANT,The generated answer provides a clear and specific solution to the issue of 'Cannot connect to the docker daemon' on WSL by instructing the user to check and enable Docker Desktop's connection to the WSL Linux distro. This directly addresses the problem mentioned in the question.
PARTLY_RELEVANT,"The generated answer partially addresses the question by mentioning that only two projects are needed for the course certificate, but it does not explicitly confirm whether completing the midterm project is mandatory."
RELEVANT,"The generated answer provides the correct commands to start the Docker daemon on Linux, which is exactly what the question asked for."
RELEVANT,"The answer directly addresses the question about eligibility for certification despite missing the midterm project, providing the necessary conditions for obtaining the certificate."
RELEVANT,"The answer provides the correct command to install md5sum on Mac using Homebrew, which is the appropriate tool for this task."
RELEVANT,"The generated answer provides a clear and accurate method for transferring files to a Docker container from a local machine, which directly addresses the question."
PARTLY_RELEVANT,"The answer confirms the existence of a YouTube video covering Evaluation Metrics for Classification, which is relevant to the question. However, it lacks specific details such as the title, link, or content of the video, which would make the answer more informative and useful."
RELEVANT,"The generated answer directly provides the specific version of the zoomcamp-model image mentioned in the question, which is 3.10.12-slim. This is relevant and correct information."
RELEVANT,"The generated answer correctly identifies FeatureHasher as the suitable method for dealing with categorical features with high cardinality, providing a clear and accurate explanation."
RELEVANT,"The generated answer directly addresses the question by recommending a specific method for splitting data, providing clear steps for implementation. This aligns with the query's request for a recommended data splitting method."
NON_RELEVANT,"The generated answer does not address the issue of loading weights saved in HDF5 format into a subclassed Model. It only mentions evaluating the model on input data, which is not relevant to the question."
RELEVANT,The generated answer correctly identifies the reason for the changing auc values and provides a solution to get consistent results by setting the random seed when initializing the DecisionTreeClassifier.
RELEVANT,The generated answer correctly identifies the issue with the f-string syntax and provides the correct solution. This directly addresses the question about the f-string error in the code.
RELEVANT,"The generated answer provides a specific and actionable solution to the problem of metadata loading error in Docker, which is to run a particular command before building the image. This directly addresses the issue mentioned in the question."
RELEVANT,The generated answer directly addresses the question by confirming that there is no difference in the skills taught in the course compared to 2021.
PARTLY_RELEVANT,"The generated answer provides specific Python library versions used by Alexey in his YouTube videos, which may be relevant to the homework if it involves following along with those videos. However, it does not explicitly state whether these versions are required for completing the homework."
RELEVANT,The generated answer provides a clear solution to the issue of 'wget is not recognized as an internal or external command' on a Windows system by suggesting the installation of wget using Chocolatey or by downloading a binary and adding it to the PATH. This directly addresses the problem stated in the question.
RELEVANT,The generated answer directly addresses the question by providing the name of the person who provided the solution for the XGBoostError.
RELEVANT,The generated answer directly addresses the error message by identifying the cause as a typo in the bentofile.yaml file and providing the solution of correcting 'sklearn' to 'scikit-learn'. This is a relevant and accurate resolution to the issue described in the question.
RELEVANT,"The generated answer directly addresses the question about using default values for all fields except Access Key ID and Secret Access Key in AWS configuration, confirming that it is possible."
PARTLY_RELEVANT,"The answer suggests a potential solution to memory allocation errors by increasing the RAM and CPU in the task definition. However, it does not address other possible causes or solutions for memory allocation errors, such as checking for memory leaks, optimizing code, or adjusting the memory allocation strategy."
NON_RELEVANT,"The generated answer is incorrect. A negative accuracy difference indicates that the model's performance worsened after the feature was removed, not improved."
RELEVANT,"The generated answer directly addresses the question by detailing the specific steps √Ångel de Vicente took to fix the protobuf issue in session 10.3, including the exact command used to create the virtual environment and install the necessary packages with the fixed protobuf version."
NON_RELEVANT,The generated answer is non-relevant as it provides a high-level overview of the installation process without any specific instructions or details. It lacks step-by-step guidance on how to set up CUDA and cuDNN on Ubuntu 22.04.
RELEVANT,"The generated answer directly addresses the question by providing specific instructions on how to get started with Week 10, referencing the relevant section in the course material."
RELEVANT,"The generated answer directly addresses the question by providing the specific year, 2021, for which the course solutions should be checked for using AUC."
NON_RELEVANT,"The generated answer does not provide the specific error message that shows on the server side when using gunicorn, which is what the question is asking for. Instead, it states that the error message is not specified in the provided text, which does not address the question directly."
RELEVANT,"The generated answer directly addresses the question by explaining that using DictVectorizer or get_dummies after splitting the data helps to avoid data leakage, ensuring that the test set does not influence the training stage and similarly for the validation stage in the initial training."
RELEVANT,The generated answer directly addresses the question by providing the name of the person who added the solution to the NameError issue in the FAQ section.
PARTLY_RELEVANT,"The generated answer mentions a person, Krishna Annad, who was not directly mentioned in the course materials as the one who mentioned the usage of Yellowbrick for classification reports. The correct answer should be 'Krishna Annad'."
RELEVANT,The generated answer directly addresses the issue of 'kind' not being recognized as a command on Windows and provides a clear solution by renaming the executable file and adding it to the system's PATH.
RELEVANT,"The answer provides a clear solution to the issue of 'kind' not being recognized as a command on Windows, by instructing the user to rename the executable file and add it to PATH."
RELEVANT,"The generated answer provides a clear and detailed explanation on how to visualize feature importance in scikit-learn, including code snippets and a link to a more advanced example. This directly addresses the user's question."
RELEVANT,"The generated answer directly addresses the question by providing a specific solution to the problem of renaming a file that contains a dash for waitress-serve. It suggests replacing the dash with an underscore, which is a practical and relevant solution."
RELEVANT,"The generated answer provides a clear and concise command to display only the size of a specific Docker image, addressing the question directly."
RELEVANT,"The generated answer accurately explains the purpose of the KFold function in relation to n_splits, shuffle, and random_state. It correctly states that KFold creates N separate pairs of datasets (train+val), where N is equal to n_splits. It also correctly explains the role of the shuffle parameter and the random_state parameter in the function."
RELEVANT,The generated answer provides a direct and accurate method to load the dataset into Kaggle Notebooks using the `!wget` command to download the dataset and `pd.read_csv` to read it into a pandas DataFrame. This is a relevant and correct approach for the given question.
RELEVANT,"The generated answer correctly explains how to calculate the probability of class 0 when the probability of class 1 is given, which directly addresses the question."
RELEVANT,The generated answer provides a direct response to the question by listing the specific questions asked. This is relevant as it accurately addresses the inquiry about the questions.
RELEVANT,"The generated answer directly addresses the question by confirming that the same content can be posted to multiple social sites and still earn points, specifying the number of sites and points."
RELEVANT,"The answer provides a solution to the error by suggesting to rename the executable file to 'kind.exe' and adding it to PATH, which is directly addressing the issue mentioned in the question."
PARTLY_RELEVANT,"The answer provides some relevant information about why continuous variables are not used for mutual information score calculation, but it does not fully address the question of why the mutual information score cannot directly use continuous variables. It mentions that the algorithm would have to divide the continuous variables into bins, which would be highly subjective, but it does not explain why this is a problem or why it is necessary to change the continuous variables to binary format."
PARTLY_RELEVANT,"The answer mentions a method for passing parameters in a model, but it does not specifically address passing multiple parameters in a CNN. The `keras.models.Sequential()` function is used for creating a sequential model in Keras, which can involve passing multiple parameters, but the explanation lacks detail on how this is done specifically for CNNs."
RELEVANT,"The generated answer provides a clear and accurate explanation of how to handle categorical features before using Ridge Regression. It correctly states that only numerical features should be used and suggests transforming categorical features using one-hot encoding. Additionally, it advises setting `sparse=True` to avoid non-convergence errors and normalizing numerical features to prevent convergence issues. The answer concludes by suggesting combining normalized numerical features and encoded categorical features into a single feature matrix for training the Ridge regression model, which is a relevant and appropriate approach."
RELEVANT,The generated answer directly addresses the question by providing specific advice on which method to use when using DictVectorizer to avoid a FutureWarning.
RELEVANT,"The generated answer provides the correct command to install pip on WSL, which is `sudo apt install python3-pip`. This command is accurate and directly addresses the user's question."
RELEVANT,"The generated answer correctly identifies the second variable to be used alongside the binarized price for mutual information calculation, which is ocean_proximity. This is relevant to the question asked."
RELEVANT,"The generated answer directly addresses the question by providing the name of the person who provided the solution for the AWS configuration issue in video 9.6, which is Bhaskar Sarma."
RELEVANT,"The generated answer provides a clear solution to the problem of 'pipenv' not being recognized as a command, by suggesting to check the PATH and adding specific locations. It also offers an alternative for Anaconda users, which is relevant and helpful."
RELEVANT,"The generated answer provides a clear and detailed method for adding notes to the Community Notes section, which directly addresses the question."
RELEVANT,"The generated answer provides the name of the person who gave the answer regarding the recommended practice for using DictVectorizer or get_dummies. Therefore, it is directly relevant to the question."
RELEVANT,The generated answer provides a direct link to a resource where more details about using the mean_squared_error function for RMSE in Python can be found. This is highly relevant to the question asked.
RELEVANT,"The generated answer provides a clear and concise step-by-step guide on how to push an initial commit to GitHub, which is exactly what the question asked for. It also includes a note about handling potential authentication issues, which adds value to the answer."
RELEVANT,The generated answer directly addresses the question about the availability of the course in a self-paced mode and confirms that it is indeed available in this format.
NON_RELEVANT,The answer '2560' is not relevant to the question about the number of workers for faster training on a T4 GPU in Google Colab. The answer does not provide a meaningful or useful number of workers for this context.
NON_RELEVANT,"The generated answer does not address the question about whether the values for CPU and memory in HW10 Q6 are arbitrary. Instead, it discusses the requirement to specify values in the yaml file and the focus on the port value in the form, which is not directly relevant to the question asked."
PARTLY_RELEVANT,"The answer provides a specific type of error (NotSupportedError), but it does not give any context or explanation about why this error occurs or how to resolve it. More information would make the answer more relevant."
RELEVANT,"The generated answer directly addresses the question by providing a specific solution to avoid the 'manifest unknown' error when pulling a Docker image. It advises using the correct tag from the image description instead of the default 'latest' tag, and provides an example command to illustrate this."
RELEVANT,"The generated answer provides specific resources, namely documentation links, that offer an in-depth understanding of Lambda container images and how Lambda functions are initialized, directly addressing the user's query."
NON_RELEVANT,"The generated answer provides a generic solution for importing a function, but it does not address the specific issue related to Decision Trees and Ensemble Learning. The question is about a specific problem in a specific context, and the answer does not provide relevant information for that context."
RELEVANT,"The generated answer provides a direct link to the official Docker documentation for installing Docker on MacOS, which is exactly what the question is asking for. It also includes a reminder to check the type of chip, which is an important consideration for the installation process."
RELEVANT,"The generated answer provides a clear and concise explanation of how to specify files to be copied over in a Dockerfile, which directly addresses the question."
RELEVANT,"The generated answer accurately explains the function of the given command, detailing that it creates a histogram of the 'median_house_value' column from the DataFrame df and clarifies that it does not display the kernel density estimate (kde). This is a precise and complete explanation relevant to the question."
RELEVANT,"The generated answer accurately describes the built-in function of 'nvidia-smi' to run it repeatedly and update every N seconds, which directly answers the question."
PARTLY_RELEVANT,"The generated answer partially explains the purpose of using a seed value when splitting data for training and validation. It mentions that using a seed ensures that all learners get the same behavior, but it does not fully explain why a seed is used in the first place. The main purpose of using a seed value is to ensure reproducibility of the results by making the random split consistent across different runs."
RELEVANT,"The generated answer provides specific and actionable workarounds for the issue caused by newer versions of protobuf in session 10.3, addressing the question directly and effectively."
RELEVANT,The generated answer is relevant as restarting the Jupyter notebook is a necessary step to ensure imports work after installation.
RELEVANT,"The generated answer directly addresses how to check column information and memory usage of a pandas DataFrame by mentioning the `df.info()` method, which provides the required details."
RELEVANT,"The answer correctly explains the reason for transforming the target variable to a logarithm distribution, which is to address a long tail distribution. It also suggests evaluating the distribution and checking for skewness, which is a relevant step in this context."
PARTLY_RELEVANT,"The generated answer partially addresses the question about the role of the seed value for reproducibility in TensorFlow. It explains how the seed value is used to ensure consistency in generating the proportion split and the impact of using different seed values. However, it does not provide a comprehensive explanation of the role of seed values in the context of reproducibility in TensorFlow."
RELEVANT,"The generated answer provides a clear and actionable solution to the problem mentioned in the question. It suggests switching to the main environment and upgrading 'nbconvert' using pip, which is a relevant and appropriate step to resolve the 'contextfilter' error from 'jinja2' when starting a Jupyter notebook."
RELEVANT,The answer directly addresses the question by providing a specific method (using seaborn to create a heatmap) to identify high correlation between features.
RELEVANT,"The generated answer correctly states that the name of the Dockerfile should be 'Dockerfile', which is accurate and directly answers the question."
PARTLY_RELEVANT,"The generated answer mentions that there is no specific recommendation for an IDE for machine learning in the given context. However, it does provide some information about VS Code and its support for Jupiter Notebooks and GitHub, which might be relevant for machine learning projects. The answer could be more comprehensive by mentioning other popular IDEs used for machine learning, such as PyCharm or Spyder."
NON_RELEVANT,The generated answer does not address the specific question about why linear regression doesn't give a perfect fit in lesson 2.8 despite training on X_train. It only states a general fact about linear regression and overfitting.
RELEVANT,"The answer provides a correct and relevant alternative command for Windows Jupyter Notebook, addressing the user's need."
RELEVANT,"The generated answer directly addresses the issue of the model's accuracy dropping after augmentation and provides a specific step to check, which is relevant to resolving the problem."
RELEVANT,"The generated answer directly addresses the question by recommending to rewatch the video on the ROC curve. It also suggests additional resources, which enhances the relevance of the answer."
RELEVANT,The generated answer directly addresses the question by providing the correct method to create a deep copy of a dataframe.
RELEVANT,"The generated answer provides a clear and concise solution to the problem of encountering an error with 'python_version' and 'python_full_version' in a Pipfile. It outlines specific steps to resolve the issue, which are directly relevant to the question asked."
PARTLY_RELEVANT,"The answer partially explains the cause of the long tail distribution by mentioning the high values of a few observations. However, it does not fully explain why the area under the curve is different on each side."
RELEVANT,The answer directly addresses the error message and provides a clear solution to the problem. It explains that the error is due to the data containing only one class and suggests checking the data to ensure it contains samples of both classes.
RELEVANT,"The generated answer directly addresses the question by providing the specific amount of time students of the previous cohort spent weekly, which is around 10 hours."
RELEVANT,"The generated answer provides a clear and detailed set of steps to troubleshoot an error related to scipy when using ImageDataGenerator. The steps include checking the installation, restarting the kernel, installing the module in a new cell, and ensuring scipy is included in the 'Extra Packages' section, which are all relevant actions to resolve the issue."
RELEVANT,"The generated answer provides a clear example of using the COPY command in a Dockerfile, which directly addresses the question."
RELEVANT,"The generated answer accurately explains the meaning of '500m' in Kubernetes CPU limits, clarifying that it stands for 500 milliCPUs, which is equivalent to 0.5 CPU core. This directly addresses the question."
RELEVANT,"The generated answer provides a clear and accurate example of using curl to download a file on macOS, including an explanation of each part of the command. This directly addresses the user's question."
PARTLY_RELEVANT,"The answer mentions that fillna() can be done before splitting the initial dataframe, which is a relevant aspect of handling missing values in regression. However, it lacks detailed explanation on how to effectively handle fillna() in the context of regression, such as specific methods or considerations for choosing the fill value."
RELEVANT,"The generated answer provides a clear and accurate method for debugging a docker container, including both starting a new container in interactive mode and accessing a running container. This directly addresses the question."
RELEVANT,"The generated answer provides a specific and direct link to the instructions for configuring the environment on a Mac with an M1 chip, which is exactly what the question is asking for."
RELEVANT,"The generated answer directly addresses the question by confirming that the AWS Serverless Framework can indeed be used to deploy a Flask application to AWS Lambda and expose it as a REST API. It also mentions a detailed walkthrough, which adds value to the answer."
RELEVANT,"The generated answer correctly identifies that np.log1p() is useful for transforming target variables with a long tail distribution, such as prices, which often have a wide range. This is an appropriate use of the method."
RELEVANT,"The generated answer provides a specific section in the course FAQ where the user can find a guide to install CUDA and cuDNN on their local machine, which is directly relevant to the question."
PARTLY_RELEVANT,"The generated answer suggests using the method '.get_feature_names_out()' from the DictVectorizer function to resolve the deprecation warning, which is correct. However, the statement 'you need not worry about the warning as there won't be any warning' is misleading and incorrect, as the warning is the reason for the suggested change. Therefore, the answer is only partly relevant."
NON_RELEVANT,"The question asks for the basic syntax to copy files in a Dockerfile, but the generated answer provides the syntax for the `docker cp` command, which is used to copy files from the local machine to a running Docker container. The correct answer should explain the `COPY` instruction used in a Dockerfile."
RELEVANT,"The generated answer provides a comprehensive solution to the problem of incorrectly updated Pipfile and Pipfile.lock dependencies, including manual updates, using the 'pipenv lock' command, rebuilding the lock file, and ensuring consistent package versions. This directly addresses the question."
NON_RELEVANT,"The generated answer does not provide any relevant information or context related to the question 'question1'. It simply states '14 posts, one for each day', which does not address the question directly."
RELEVANT,"The generated answer provides a direct link to the official TensorFlow documentation, which is a reliable source for information on using 'workers' in 'model.fit()'."
RELEVANT,"The generated answer provides a clear and correct method to shuffle the complete dataset using pandas, including resetting the index. The explanation is accurate and directly addresses the question."
PARTLY_RELEVANT,"The generated answer addresses the issue of data splitting and its impact on accuracy, which is relevant to the question. However, it does not directly explain why the student's accuracy differs from the homework options, which might involve other factors like implementation details or specific data characteristics."
PARTLY_RELEVANT,"The generated answer provides a command to configure Docker to push images to Google Container Registry, which is relevant to the question. However, it lacks detailed steps on configuring the console and additional context that might be necessary for someone unfamiliar with the process."
RELEVANT,"The generated answer provides a detailed and accurate explanation of how to calculate the RMSE score, including both a direct method using the mean_squared_error function from sklearn.metrics and an alternative method using numpy and sklearn together. It also includes code examples for clarity."
PARTLY_RELEVANT,"The answer provides a solution for the issue of GitHub no longer supporting password authentication by suggesting the use of a personal access token. However, it also refers to generating an SSH key, which is not directly related to the use of personal access tokens for pushing changes. The SSH key generation part should be omitted or separated to make the answer fully relevant."
NON_RELEVANT,"The generated answer provides a link to an article about an ML Zoomcamp project, which does not directly address the installation of TensorFlow GPU on Ubuntu."
PARTLY_RELEVANT,"The generated answer correctly identifies that y_true represents the target variable and is passed as the first argument to the roc_auc_score function. However, it does not mention that y_score (the predicted probabilities or scores) is also required as the second argument to calculate the AUC score. This omission makes the answer incomplete."
RELEVANT,"The generated answer directly addresses the issue mentioned in the question by providing a specific solution, which is restarting the Jupyter notebook after installing the package."
RELEVANT,"The generated answer accurately describes the modification made to the median_house_value target in the homework, which was changed to a binary format with values of either 0 or 1."
